Ticket Class,Ticket Priority,Ticket Number,Ticket Status,Ticket Status Original,Opened Date,Hostname,Ticket Summary,Queue ID,Ticket Resolved Date,Resolution Code,Resolution Text,Ticket Closed Date,Call code,Reported By,Executed Automata,Recommended Automata,Actionable,Assignment Queue,Autogenerated,Automation Engine,Closure Code,Target Finish Date,Time to resolve (min),Opened Date_dt,Ticket Resolved Date_dt,Ticket Closed Date_dt,Target Finish Date_dt,Time to resolve (min)_dt,Opened Date_year,Opened Date_month,Opened Date_day,Ticket Resolved Date_year,Ticket Resolved Date_month,Ticket Resolved Date_day,Ticket Closed Date_year,Ticket Closed Date_month,Ticket Closed Date_day,Target Finish Date_year,Target Finish Date_month,Target Finish Date_day,Time to resolve (min)_year,Time to resolve (min)_month,Time to resolve (min)_day,incident_duration_hours
INCIDENT,3,INCEU1993810,CLOSED,CLOSED,2025-01-02T08:25:39,aks-sr-aks-prd,aks-sr-aks-prd issue detected and resolved automatically,K-PLTools-AIOPs-IN,2025-01-02T08:31:39,Solved (Permanently),Closing this ticket as the extension is working well after restarting,2025-01-02T09:18:39,Event Management,Automation Engine,Y,Y,Y,K-PLTools-AIOPs-IN,N,Y,Email,2025-01-02T09:18:39,188,2025-01-02 08:25:39,2025-01-02 08:31:39,2025-01-02 09:18:39,2025-01-02 09:18:39,1970-01-01 00:00:00.000000188,2025,1,2,2025,1,2,2025,1,2,2025,1,2,1970,1,1,0.1
INCIDENT,3,INCEU1914165,CLOSED,CLOSED,2025-01-01T08:40:44,uatools-next-eu02,uatools-next-eu02 issue detected and resolved automatically,K-PLTools-AIOPs-EU,2025-01-01T09:03:44,Solved (Permanently),Automation handled issue successfully,2025-01-01T09:16:44,Event Management,Self-service,Y,Y,N,K-PLTools-AIOPs-EU,Y,Y,Email,2025-01-01T09:16:44,56,2025-01-01 08:40:44,2025-01-01 09:03:44,2025-01-01 09:16:44,2025-01-01 09:16:44,1970-01-01 00:00:00.000000056,2025,1,1,2025,1,1,2025,1,1,2025,1,1,1970,1,1,0.38333333333333336
INCIDENT,3,INCEU1930926,CLOSED,CLOSED,2025-01-06T03:05:43,uatools-next-eu02,uatools-next-eu02 issue detected and resolved automatically,K-PLTools-AIOPs-IN,2025-01-06T04:32:43,Cancelled,Resolved by Automation - RBA Event Clearing Received,2025-01-06T04:49:43,Event Management,Self-service,Y,Y,Y,K-PLTools-AIOPs-IN,N,Y,Email,2025-01-06T04:49:43,23,2025-01-06 03:05:43,2025-01-06 04:32:43,2025-01-06 04:49:43,2025-01-06 04:49:43,1970-01-01 00:00:00.000000023,2025,1,6,2025,1,6,2025,1,6,2025,1,6,1970,1,1,1.45
INCIDENT,3,INCEU1955082,CLOSED,CLOSED,2025-01-04T05:02:50,org.logstash.logstash,org.logstash.logstash issue detected and resolved automatically,K-PLTools-AIOPs-EU,2025-01-04T05:13:50,Cancelled,Resolved by Automation - RBA Event Clearing Received,2025-01-04T05:59:50,Event Management,Self-service,Y,Y,N,K-PLTools-AIOPs-EU,Y,Y,Email,2025-01-04T05:59:50,141,2025-01-04 05:02:50,2025-01-04 05:13:50,2025-01-04 05:59:50,2025-01-04 05:59:50,1970-01-01 00:00:00.000000141,2025,1,4,2025,1,4,2025,1,4,2025,1,4,1970,1,1,0.18333333333333332
INCIDENT,3,INCEU1919116,CLOSED,CLOSED,2025-01-01T13:20:50,aks-sr-aks-prd,aks-sr-aks-prd issue detected and resolved automatically,K-PLTools-AIOPs-EU,2025-01-01T16:09:50,Solved (Permanently),Resolved by Automation - RBA Event Clearing Received,2025-01-01T16:23:50,Event Management,Self-service,Y,Y,N,K-PLTools-AIOPs-EU,N,Y,Email,2025-01-01T16:23:50,97,2025-01-01 13:20:50,2025-01-01 16:09:50,2025-01-01 16:23:50,2025-01-01 16:23:50,1970-01-01 00:00:00.000000097,2025,1,1,2025,1,1,2025,1,1,2025,1,1,1970,1,1,2.816666666666667
INCIDENT,3,INCEU1931319,CLOSED,CLOSED,2025-01-05T11:49:22,aks-sr-aks-prd,aks-sr-aks-prd issue detected and resolved automatically,K-PLTools-AIOPs-EU,2025-01-05T13:19:22,Solved (Permanently),Closing this ticket as the extension is working well after restarting,2025-01-05T13:32:22,Event Management,Self-service,Y,Y,N,K-PLTools-AIOPs-EU,N,Y,Email,2025-01-05T13:32:22,41,2025-01-05 11:49:22,2025-01-05 13:19:22,2025-01-05 13:32:22,2025-01-05 13:32:22,1970-01-01 00:00:00.000000041,2025,1,5,2025,1,5,2025,1,5,2025,1,5,1970,1,1,1.5
INCIDENT,3,INCEU1993886,CLOSED,CLOSED,2025-01-07T18:13:24,aks-sr-aks-prd,aks-sr-aks-prd issue detected and resolved automatically,K-PLTools-AIOPs-EU,2025-01-07T19:09:24,Solved (Permanently),Resolved by Automation - RBA Event Clearing Received,2025-01-07T19:52:24,Event Management,Self-service,Y,Y,N,K-PLTools-AIOPs-EU,Y,Y,Email,2025-01-07T19:52:24,80,2025-01-07 18:13:24,2025-01-07 19:09:24,2025-01-07 19:52:24,2025-01-07 19:52:24,1970-01-01 00:00:00.000000080,2025,1,7,2025,1,7,2025,1,7,2025,1,7,1970,1,1,0.9333333333333333
INCIDENT,3,INCEU1937653,CLOSED,CLOSED,2025-01-07T21:12:11,uatools-next-eu02,uatools-next-eu02 issue detected and resolved automatically,K-PLTools-AIOPs-Bridge,2025-01-08T00:15:11,Cancelled,Automation handled issue successfully,2025-01-08T00:35:11,Event Management,Self-service,Y,Y,Y,K-PLTools-AIOPs-Bridge,Y,Y,Email,2025-01-08T00:35:11,36,2025-01-07 21:12:11,2025-01-08 00:15:11,2025-01-08 00:35:11,2025-01-08 00:35:11,1970-01-01 00:00:00.000000036,2025,1,7,2025,1,8,2025,1,8,2025,1,8,1970,1,1,3.05
INCIDENT,3,INCEU1983579,CLOSED,CLOSED,2025-01-07T12:59:18,integrated-aiops,integrated-aiops issue detected and resolved automatically,K-PLTools-AIOPs-Bridge,2025-01-07T14:06:18,Cancelled,Resolved by manual intervention,2025-01-07T14:53:18,Event Management,Automation Engine,Y,Y,N,K-PLTools-AIOPs-Bridge,Y,Y,Email,2025-01-07T14:53:18,56,2025-01-07 12:59:18,2025-01-07 14:06:18,2025-01-07 14:53:18,2025-01-07 14:53:18,1970-01-01 00:00:00.000000056,2025,1,7,2025,1,7,2025,1,7,2025,1,7,1970,1,1,1.1166666666666667
INCIDENT,3,INCEU1916175,CLOSED,CLOSED,2025-01-02T07:56:15,uatools-next-eu02,uatools-next-eu02 issue detected and resolved automatically,K-PLTools-AIOPs-Bridge,2025-01-02T08:35:15,Solved (Permanently),Automation handled issue successfully,2025-01-02T09:15:15,Event Management,External Service Desk,Y,Y,N,K-PLTools-AIOPs-Bridge,N,Y,Email,2025-01-02T09:15:15,97,2025-01-02 07:56:15,2025-01-02 08:35:15,2025-01-02 09:15:15,2025-01-02 09:15:15,1970-01-01 00:00:00.000000097,2025,1,2,2025,1,2,2025,1,2,2025,1,2,1970,1,1,0.65
INCIDENT,3,INCEU1982512,CLOSED,CLOSED,2025-01-01T03:20:38,vpc-eu1-prod,vpc-eu1-prod issue detected and resolved automatically,K-PLTools-ISG,2025-01-01T06:14:38,Cancelled,Resolved by Automation - RBA Event Clearing Received,2025-01-01T07:00:38,Event Management,Self-service,Y,Y,Y,K-PLTools-ISG,N,Y,Email,2025-01-01T07:00:38,75,2025-01-01 03:20:38,2025-01-01 06:14:38,2025-01-01 07:00:38,2025-01-01 07:00:38,1970-01-01 00:00:00.000000075,2025,1,1,2025,1,1,2025,1,1,2025,1,1,1970,1,1,2.9
INCIDENT,3,INCEU1910425,CLOSED,CLOSED,2025-01-04T04:43:03,uatools-next-eu02,uatools-next-eu02 issue detected and resolved automatically,K-PLTools-AIOPs-EU,2025-01-04T06:51:03,Cancelled,Closing this ticket as the extension is working well after restarting,2025-01-04T07:39:03,Event Management,Self-service,Y,Y,Y,K-PLTools-AIOPs-EU,Y,Y,Email,2025-01-04T07:39:03,39,2025-01-04 04:43:03,2025-01-04 06:51:03,2025-01-04 07:39:03,2025-01-04 07:39:03,1970-01-01 00:00:00.000000039,2025,1,4,2025,1,4,2025,1,4,2025,1,4,1970,1,1,2.1333333333333333
INCIDENT,3,INCEU1988504,CLOSED,CLOSED,2025-01-04T22:25:02,vpc-eu1-prod,vpc-eu1-prod issue detected and resolved automatically,K-PLTools-ISG,2025-01-05T00:30:02,Cancelled,Closing this ticket as the extension is working well after restarting,2025-01-05T00:31:02,Event Management,Automation Engine,Y,Y,Y,K-PLTools-ISG,Y,Y,Email,2025-01-05T00:31:02,14,2025-01-04 22:25:02,2025-01-05 00:30:02,2025-01-05 00:31:02,2025-01-05 00:31:02,1970-01-01 00:00:00.000000014,2025,1,4,2025,1,5,2025,1,5,2025,1,5,1970,1,1,2.0833333333333335
INCIDENT,3,INCEU1973699,CLOSED,CLOSED,2025-01-01T20:09:34,uatools-next-eu02,uatools-next-eu02 issue detected and resolved automatically,K-PLTools-AIOPs-IN,2025-01-01T23:23:34,Cancelled,Closing this ticket as the extension is working well after restarting,2025-01-01T23:57:34,Event Management,External Service Desk,Y,Y,N,K-PLTools-AIOPs-IN,Y,Y,Email,2025-01-01T23:57:34,67,2025-01-01 20:09:34,2025-01-01 23:23:34,2025-01-01 23:57:34,2025-01-01 23:57:34,1970-01-01 00:00:00.000000067,2025,1,1,2025,1,1,2025,1,1,2025,1,1,1970,1,1,3.2333333333333334
INCIDENT,3,INCEU1980686,CLOSED,CLOSED,2025-01-03T10:35:22,org.logstash.logstash,org.logstash.logstash issue detected and resolved automatically,K-PLTools-ISG,2025-01-03T13:37:22,Cancelled,Automation handled issue successfully,2025-01-03T13:56:22,Event Management,Automation Engine,Y,Y,Y,K-PLTools-ISG,Y,Y,Email,2025-01-03T13:56:22,30,2025-01-03 10:35:22,2025-01-03 13:37:22,2025-01-03 13:56:22,2025-01-03 13:56:22,1970-01-01 00:00:00.000000030,2025,1,3,2025,1,3,2025,1,3,2025,1,3,1970,1,1,3.033333333333333
INCIDENT,3,INCEU1954313,CLOSED,CLOSED,2025-01-01T06:07:36,uatools-next-eu02,uatools-next-eu02 issue detected and resolved automatically,K-PLTools-AIOPs-IN,2025-01-01T08:37:36,Solved (Permanently),Resolved by Automation - RBA Event Clearing Received,2025-01-01T09:12:36,Event Management,External Service Desk,Y,Y,Y,K-PLTools-AIOPs-IN,Y,Y,Email,2025-01-01T09:12:36,181,2025-01-01 06:07:36,2025-01-01 08:37:36,2025-01-01 09:12:36,2025-01-01 09:12:36,1970-01-01 00:00:00.000000181,2025,1,1,2025,1,1,2025,1,1,2025,1,1,1970,1,1,2.5
INCIDENT,3,INCEU1918834,CLOSED,CLOSED,2025-01-01T09:08:58,integrated-aiops,integrated-aiops issue detected and resolved automatically,K-PLTools-AIOPs-IN,2025-01-01T10:32:58,Cancelled,Automation handled issue successfully,2025-01-01T10:36:58,Event Management,External Service Desk,Y,Y,Y,K-PLTools-AIOPs-IN,N,Y,Email,2025-01-01T10:36:58,54,2025-01-01 09:08:58,2025-01-01 10:32:58,2025-01-01 10:36:58,2025-01-01 10:36:58,1970-01-01 00:00:00.000000054,2025,1,1,2025,1,1,2025,1,1,2025,1,1,1970,1,1,1.4
INCIDENT,3,INCEU1941850,CLOSED,CLOSED,2025-01-06T17:45:48,vpc-eu1-prod,vpc-eu1-prod issue detected and resolved automatically,K-PLTools-AIOPs-EU,2025-01-06T19:29:48,Cancelled,Resolved by manual intervention,2025-01-06T19:41:48,Event Management,Self-service,Y,Y,N,K-PLTools-AIOPs-EU,Y,Y,Email,2025-01-06T19:41:48,108,2025-01-06 17:45:48,2025-01-06 19:29:48,2025-01-06 19:41:48,2025-01-06 19:41:48,1970-01-01 00:00:00.000000108,2025,1,6,2025,1,6,2025,1,6,2025,1,6,1970,1,1,1.7333333333333334
INCIDENT,3,INCEU1998259,CLOSED,CLOSED,2025-01-02T04:39:58,aks-sr-aks-prd,aks-sr-aks-prd issue detected and resolved automatically,K-PLTools-AIOPs-EU,2025-01-02T04:54:58,Solved (Permanently),Closing this ticket as the extension is working well after restarting,2025-01-02T05:19:58,Event Management,External Service Desk,Y,Y,N,K-PLTools-AIOPs-EU,Y,Y,Email,2025-01-02T05:19:58,48,2025-01-02 04:39:58,2025-01-02 04:54:58,2025-01-02 05:19:58,2025-01-02 05:19:58,1970-01-01 00:00:00.000000048,2025,1,2,2025,1,2,2025,1,2,2025,1,2,1970,1,1,0.25
INCIDENT,3,INCEU1965296,CLOSED,CLOSED,2025-01-03T05:26:41,uatools-next-eu02,uatools-next-eu02 issue detected and resolved automatically,K-PLTools-AIOPs-EU,2025-01-03T06:37:41,Cancelled,Resolved by Automation - RBA Event Clearing Received,2025-01-03T07:06:41,Event Management,External Service Desk,Y,Y,Y,K-PLTools-AIOPs-EU,Y,Y,Email,2025-01-03T07:06:41,12,2025-01-03 05:26:41,2025-01-03 06:37:41,2025-01-03 07:06:41,2025-01-03 07:06:41,1970-01-01 00:00:00.000000012,2025,1,3,2025,1,3,2025,1,3,2025,1,3,1970,1,1,1.1833333333333333
INCIDENT,3,INCEU1940982,CLOSED,CLOSED,2025-01-03T00:26:29,org.logstash.logstash,org.logstash.logstash issue detected and resolved automatically,K-PLTools-AIOPs-IN,2025-01-03T02:10:29,Cancelled,Resolved by Automation - RBA Event Clearing Received,2025-01-03T02:41:29,Event Management,Self-service,Y,Y,Y,K-PLTools-AIOPs-IN,N,Y,Email,2025-01-03T02:41:29,42,2025-01-03 00:26:29,2025-01-03 02:10:29,2025-01-03 02:41:29,2025-01-03 02:41:29,1970-01-01 00:00:00.000000042,2025,1,3,2025,1,3,2025,1,3,2025,1,3,1970,1,1,1.7333333333333334
INCIDENT,3,INCEU1944760,CLOSED,CLOSED,2025-01-06T12:31:50,integrated-aiops,integrated-aiops issue detected and resolved automatically,K-PLTools-AIOPs-Bridge,2025-01-06T13:44:50,Solved (Permanently),Closing this ticket as the extension is working well after restarting,2025-01-06T14:11:50,Event Management,Automation Engine,Y,Y,Y,K-PLTools-AIOPs-Bridge,Y,Y,Email,2025-01-06T14:11:50,75,2025-01-06 12:31:50,2025-01-06 13:44:50,2025-01-06 14:11:50,2025-01-06 14:11:50,1970-01-01 00:00:00.000000075,2025,1,6,2025,1,6,2025,1,6,2025,1,6,1970,1,1,1.2166666666666666
INCIDENT,3,INCEU1951104,CLOSED,CLOSED,2025-01-01T16:39:02,org.logstash.logstash,org.logstash.logstash issue detected and resolved automatically,K-PLTools-AIOPs-IN,2025-01-01T16:51:02,Solved (Permanently),Resolved by Automation - RBA Event Clearing Received,2025-01-01T17:28:02,Event Management,Automation Engine,Y,Y,Y,K-PLTools-AIOPs-IN,Y,Y,Email,2025-01-01T17:28:02,47,2025-01-01 16:39:02,2025-01-01 16:51:02,2025-01-01 17:28:02,2025-01-01 17:28:02,1970-01-01 00:00:00.000000047,2025,1,1,2025,1,1,2025,1,1,2025,1,1,1970,1,1,0.2
INCIDENT,3,INCEU1962923,CLOSED,CLOSED,2025-01-02T10:55:10,integrated-aiops,integrated-aiops issue detected and resolved automatically,K-PLTools-AIOPs-EU,2025-01-02T13:20:10,Solved (Permanently),Automation handled issue successfully,2025-01-02T13:35:10,Event Management,External Service Desk,Y,Y,N,K-PLTools-AIOPs-EU,N,Y,Email,2025-01-02T13:35:10,168,2025-01-02 10:55:10,2025-01-02 13:20:10,2025-01-02 13:35:10,2025-01-02 13:35:10,1970-01-01 00:00:00.000000168,2025,1,2,2025,1,2,2025,1,2,2025,1,2,1970,1,1,2.4166666666666665
INCIDENT,3,INCEU1936772,CLOSED,CLOSED,2025-01-04T19:30:45,org.logstash.logstash,org.logstash.logstash issue detected and resolved automatically,K-PLTools-AIOPs-IN,2025-01-04T20:31:45,Cancelled,Automation handled issue successfully,2025-01-04T20:47:45,Event Management,Automation Engine,Y,Y,Y,K-PLTools-AIOPs-IN,N,Y,Email,2025-01-04T20:47:45,80,2025-01-04 19:30:45,2025-01-04 20:31:45,2025-01-04 20:47:45,2025-01-04 20:47:45,1970-01-01 00:00:00.000000080,2025,1,4,2025,1,4,2025,1,4,2025,1,4,1970,1,1,1.0166666666666666
INCIDENT,3,INCEU1991416,CLOSED,CLOSED,2025-01-07T19:59:01,integrated-aiops,integrated-aiops issue detected and resolved automatically,K-PLTools-AIOPs-IN,2025-01-07T20:24:01,Cancelled,Closing this ticket as the extension is working well after restarting,2025-01-07T20:28:01,Event Management,Automation Engine,Y,Y,Y,K-PLTools-AIOPs-IN,N,Y,Email,2025-01-07T20:28:01,89,2025-01-07 19:59:01,2025-01-07 20:24:01,2025-01-07 20:28:01,2025-01-07 20:28:01,1970-01-01 00:00:00.000000089,2025,1,7,2025,1,7,2025,1,7,2025,1,7,1970,1,1,0.4166666666666667
INCIDENT,3,INCEU1947353,CLOSED,CLOSED,2025-01-02T21:56:49,integrated-aiops,integrated-aiops issue detected and resolved automatically,K-PLTools-ISG,2025-01-02T23:48:49,Solved (Permanently),Resolved by manual intervention,2025-01-03T00:41:49,Event Management,Automation Engine,Y,Y,Y,K-PLTools-ISG,N,Y,Email,2025-01-03T00:41:49,169,2025-01-02 21:56:49,2025-01-02 23:48:49,2025-01-03 00:41:49,2025-01-03 00:41:49,1970-01-01 00:00:00.000000169,2025,1,2,2025,1,2,2025,1,3,2025,1,3,1970,1,1,1.8666666666666667
INCIDENT,3,INCEU1925129,CLOSED,CLOSED,2025-01-02T07:10:35,uatools-next-eu02,uatools-next-eu02 issue detected and resolved automatically,K-PLTools-ISG,2025-01-02T10:20:35,Cancelled,Closing this ticket as the extension is working well after restarting,2025-01-02T10:55:35,Event Management,Self-service,Y,Y,Y,K-PLTools-ISG,N,Y,Email,2025-01-02T10:55:35,183,2025-01-02 07:10:35,2025-01-02 10:20:35,2025-01-02 10:55:35,2025-01-02 10:55:35,1970-01-01 00:00:00.000000183,2025,1,2,2025,1,2,2025,1,2,2025,1,2,1970,1,1,3.1666666666666665
INCIDENT,3,INCEU1976244,CLOSED,CLOSED,2025-01-06T22:17:42,vpc-eu1-prod,vpc-eu1-prod issue detected and resolved automatically,K-PLTools-AIOPs-EU,2025-01-06T23:21:42,Cancelled,Resolved by manual intervention,2025-01-07T00:18:42,Event Management,Automation Engine,Y,Y,N,K-PLTools-AIOPs-EU,Y,Y,Email,2025-01-07T00:18:42,11,2025-01-06 22:17:42,2025-01-06 23:21:42,2025-01-07 00:18:42,2025-01-07 00:18:42,1970-01-01 00:00:00.000000011,2025,1,6,2025,1,6,2025,1,7,2025,1,7,1970,1,1,1.0666666666666667
INCIDENT,3,INCEU1993507,CLOSED,CLOSED,2025-01-04T04:18:00,org.logstash.logstash,org.logstash.logstash issue detected and resolved automatically,K-PLTools-AIOPs-Bridge,2025-01-04T04:59:00,Solved (Permanently),Resolved by Automation - RBA Event Clearing Received,2025-01-04T05:46:00,Event Management,External Service Desk,Y,Y,Y,K-PLTools-AIOPs-Bridge,Y,Y,Email,2025-01-04T05:46:00,19,2025-01-04 04:18:00,2025-01-04 04:59:00,2025-01-04 05:46:00,2025-01-04 05:46:00,1970-01-01 00:00:00.000000019,2025,1,4,2025,1,4,2025,1,4,2025,1,4,1970,1,1,0.6833333333333333
INCIDENT,3,INCEU1958393,CLOSED,CLOSED,2025-01-07T16:56:04,uatools-next-eu02,uatools-next-eu02 issue detected and resolved automatically,K-PLTools-AIOPs-EU,2025-01-07T17:33:04,Cancelled,Resolved by manual intervention,2025-01-07T18:00:04,Event Management,Self-service,Y,Y,Y,K-PLTools-AIOPs-EU,Y,Y,Email,2025-01-07T18:00:04,10,2025-01-07 16:56:04,2025-01-07 17:33:04,2025-01-07 18:00:04,2025-01-07 18:00:04,1970-01-01 00:00:00.000000010,2025,1,7,2025,1,7,2025,1,7,2025,1,7,1970,1,1,0.6166666666666667
INCIDENT,3,INCEU1997416,CLOSED,CLOSED,2025-01-02T05:56:26,integrated-aiops,integrated-aiops issue detected and resolved automatically,K-PLTools-AIOPs-Bridge,2025-01-02T07:26:26,Solved (Permanently),Closing this ticket as the extension is working well after restarting,2025-01-02T08:15:26,Event Management,Automation Engine,Y,Y,N,K-PLTools-AIOPs-Bridge,Y,Y,Email,2025-01-02T08:15:26,41,2025-01-02 05:56:26,2025-01-02 07:26:26,2025-01-02 08:15:26,2025-01-02 08:15:26,1970-01-01 00:00:00.000000041,2025,1,2,2025,1,2,2025,1,2,2025,1,2,1970,1,1,1.5
INCIDENT,3,INCEU1933509,CLOSED,CLOSED,2025-01-05T00:45:21,org.logstash.logstash,org.logstash.logstash issue detected and resolved automatically,K-PLTools-AIOPs-IN,2025-01-05T04:05:21,Cancelled,Closing this ticket as the extension is working well after restarting,2025-01-05T05:04:21,Event Management,Automation Engine,Y,Y,N,K-PLTools-AIOPs-IN,Y,Y,Email,2025-01-05T05:04:21,179,2025-01-05 00:45:21,2025-01-05 04:05:21,2025-01-05 05:04:21,2025-01-05 05:04:21,1970-01-01 00:00:00.000000179,2025,1,5,2025,1,5,2025,1,5,2025,1,5,1970,1,1,3.3333333333333335
INCIDENT,3,INCEU1971694,CLOSED,CLOSED,2025-01-03T16:47:18,org.logstash.logstash,org.logstash.logstash issue detected and resolved automatically,K-PLTools-ISG,2025-01-03T17:38:18,Cancelled,Closing this ticket as the extension is working well after restarting,2025-01-03T18:30:18,Event Management,Automation Engine,Y,Y,Y,K-PLTools-ISG,N,Y,Email,2025-01-03T18:30:18,57,2025-01-03 16:47:18,2025-01-03 17:38:18,2025-01-03 18:30:18,2025-01-03 18:30:18,1970-01-01 00:00:00.000000057,2025,1,3,2025,1,3,2025,1,3,2025,1,3,1970,1,1,0.85
INCIDENT,3,INCEU1953025,CLOSED,CLOSED,2025-01-04T09:08:56,aks-sr-aks-prd,aks-sr-aks-prd issue detected and resolved automatically,K-PLTools-ISG,2025-01-04T09:25:56,Cancelled,Resolved by manual intervention,2025-01-04T10:14:56,Event Management,Automation Engine,Y,Y,N,K-PLTools-ISG,Y,Y,Email,2025-01-04T10:14:56,7,2025-01-04 09:08:56,2025-01-04 09:25:56,2025-01-04 10:14:56,2025-01-04 10:14:56,1970-01-01 00:00:00.000000007,2025,1,4,2025,1,4,2025,1,4,2025,1,4,1970,1,1,0.2833333333333333
INCIDENT,3,INCEU1986099,CLOSED,CLOSED,2025-01-04T05:19:21,integrated-aiops,integrated-aiops issue detected and resolved automatically,K-PLTools-AIOPs-Bridge,2025-01-04T05:28:21,Cancelled,Resolved by manual intervention,2025-01-04T05:34:21,Event Management,External Service Desk,Y,Y,Y,K-PLTools-AIOPs-Bridge,N,Y,Email,2025-01-04T05:34:21,111,2025-01-04 05:19:21,2025-01-04 05:28:21,2025-01-04 05:34:21,2025-01-04 05:34:21,1970-01-01 00:00:00.000000111,2025,1,4,2025,1,4,2025,1,4,2025,1,4,1970,1,1,0.15
INCIDENT,3,INCEU1985574,CLOSED,CLOSED,2025-01-03T07:21:52,org.logstash.logstash,org.logstash.logstash issue detected and resolved automatically,K-PLTools-AIOPs-EU,2025-01-03T08:26:52,Solved (Permanently),Resolved by manual intervention,2025-01-03T08:28:52,Event Management,Automation Engine,Y,Y,N,K-PLTools-AIOPs-EU,N,Y,Email,2025-01-03T08:28:52,110,2025-01-03 07:21:52,2025-01-03 08:26:52,2025-01-03 08:28:52,2025-01-03 08:28:52,1970-01-01 00:00:00.000000110,2025,1,3,2025,1,3,2025,1,3,2025,1,3,1970,1,1,1.0833333333333333
INCIDENT,3,INCEU1996951,CLOSED,CLOSED,2025-01-02T12:17:59,aks-sr-aks-prd,aks-sr-aks-prd issue detected and resolved automatically,K-PLTools-ISG,2025-01-02T15:21:59,Cancelled,Resolved by manual intervention,2025-01-02T16:18:59,Event Management,External Service Desk,Y,Y,N,K-PLTools-ISG,Y,Y,Email,2025-01-02T16:18:59,103,2025-01-02 12:17:59,2025-01-02 15:21:59,2025-01-02 16:18:59,2025-01-02 16:18:59,1970-01-01 00:00:00.000000103,2025,1,2,2025,1,2,2025,1,2,2025,1,2,1970,1,1,3.066666666666667
INCIDENT,3,INCEU1935144,CLOSED,CLOSED,2025-01-06T02:27:49,org.logstash.logstash,org.logstash.logstash issue detected and resolved automatically,K-PLTools-AIOPs-IN,2025-01-06T05:17:49,Cancelled,Automation handled issue successfully,2025-01-06T06:17:49,Event Management,Automation Engine,Y,Y,N,K-PLTools-AIOPs-IN,N,Y,Email,2025-01-06T06:17:49,140,2025-01-06 02:27:49,2025-01-06 05:17:49,2025-01-06 06:17:49,2025-01-06 06:17:49,1970-01-01 00:00:00.000000140,2025,1,6,2025,1,6,2025,1,6,2025,1,6,1970,1,1,2.8333333333333335
INCIDENT,3,INCEU1937549,CLOSED,CLOSED,2025-01-06T05:12:50,aks-sr-aks-prd,aks-sr-aks-prd issue detected and resolved automatically,K-PLTools-AIOPs-Bridge,2025-01-06T07:40:50,Cancelled,Automation handled issue successfully,2025-01-06T08:18:50,Event Management,Automation Engine,Y,Y,N,K-PLTools-AIOPs-Bridge,Y,Y,Email,2025-01-06T08:18:50,172,2025-01-06 05:12:50,2025-01-06 07:40:50,2025-01-06 08:18:50,2025-01-06 08:18:50,1970-01-01 00:00:00.000000172,2025,1,6,2025,1,6,2025,1,6,2025,1,6,1970,1,1,2.466666666666667
INCIDENT,3,INCEU1996356,CLOSED,CLOSED,2025-01-02T00:41:54,integrated-aiops,integrated-aiops issue detected and resolved automatically,K-PLTools-ISG,2025-01-02T01:53:54,Solved (Permanently),Closing this ticket as the extension is working well after restarting,2025-01-02T02:25:54,Event Management,Self-service,Y,Y,Y,K-PLTools-ISG,Y,Y,Email,2025-01-02T02:25:54,172,2025-01-02 00:41:54,2025-01-02 01:53:54,2025-01-02 02:25:54,2025-01-02 02:25:54,1970-01-01 00:00:00.000000172,2025,1,2,2025,1,2,2025,1,2,2025,1,2,1970,1,1,1.2
INCIDENT,3,INCEU1929313,CLOSED,CLOSED,2025-01-01T07:06:51,org.logstash.logstash,org.logstash.logstash issue detected and resolved automatically,K-PLTools-AIOPs-EU,2025-01-01T07:17:51,Cancelled,Automation handled issue successfully,2025-01-01T07:32:51,Event Management,External Service Desk,Y,Y,Y,K-PLTools-AIOPs-EU,N,Y,Email,2025-01-01T07:32:51,161,2025-01-01 07:06:51,2025-01-01 07:17:51,2025-01-01 07:32:51,2025-01-01 07:32:51,1970-01-01 00:00:00.000000161,2025,1,1,2025,1,1,2025,1,1,2025,1,1,1970,1,1,0.18333333333333332
INCIDENT,3,INCEU1974799,CLOSED,CLOSED,2025-01-05T20:24:26,vpc-eu1-prod,vpc-eu1-prod issue detected and resolved automatically,K-PLTools-AIOPs-EU,2025-01-05T21:26:26,Cancelled,Closing this ticket as the extension is working well after restarting,2025-01-05T21:35:26,Event Management,External Service Desk,Y,Y,N,K-PLTools-AIOPs-EU,Y,Y,Email,2025-01-05T21:35:26,45,2025-01-05 20:24:26,2025-01-05 21:26:26,2025-01-05 21:35:26,2025-01-05 21:35:26,1970-01-01 00:00:00.000000045,2025,1,5,2025,1,5,2025,1,5,2025,1,5,1970,1,1,1.0333333333333334
INCIDENT,3,INCEU1983060,CLOSED,CLOSED,2025-01-04T00:35:03,uatools-next-eu02,uatools-next-eu02 issue detected and resolved automatically,K-PLTools-AIOPs-Bridge,2025-01-04T01:06:03,Cancelled,Automation handled issue successfully,2025-01-04T01:35:03,Event Management,External Service Desk,Y,Y,N,K-PLTools-AIOPs-Bridge,N,Y,Email,2025-01-04T01:35:03,156,2025-01-04 00:35:03,2025-01-04 01:06:03,2025-01-04 01:35:03,2025-01-04 01:35:03,1970-01-01 00:00:00.000000156,2025,1,4,2025,1,4,2025,1,4,2025,1,4,1970,1,1,0.5166666666666667
INCIDENT,3,INCEU1930861,CLOSED,CLOSED,2025-01-06T18:15:32,uatools-next-eu02,uatools-next-eu02 issue detected and resolved automatically,K-PLTools-ISG,2025-01-06T20:10:32,Cancelled,Closing this ticket as the extension is working well after restarting,2025-01-06T20:26:32,Event Management,Self-service,Y,Y,Y,K-PLTools-ISG,N,Y,Email,2025-01-06T20:26:32,70,2025-01-06 18:15:32,2025-01-06 20:10:32,2025-01-06 20:26:32,2025-01-06 20:26:32,1970-01-01 00:00:00.000000070,2025,1,6,2025,1,6,2025,1,6,2025,1,6,1970,1,1,1.9166666666666667
INCIDENT,3,INCEU1940735,CLOSED,CLOSED,2025-01-04T07:08:33,integrated-aiops,integrated-aiops issue detected and resolved automatically,K-PLTools-AIOPs-EU,2025-01-04T08:33:33,Solved (Permanently),Closing this ticket as the extension is working well after restarting,2025-01-04T08:53:33,Event Management,Self-service,Y,Y,Y,K-PLTools-AIOPs-EU,Y,Y,Email,2025-01-04T08:53:33,59,2025-01-04 07:08:33,2025-01-04 08:33:33,2025-01-04 08:53:33,2025-01-04 08:53:33,1970-01-01 00:00:00.000000059,2025,1,4,2025,1,4,2025,1,4,2025,1,4,1970,1,1,1.4166666666666667
INCIDENT,3,INCEU1918418,CLOSED,CLOSED,2025-01-06T00:50:20,integrated-aiops,integrated-aiops issue detected and resolved automatically,K-PLTools-AIOPs-Bridge,2025-01-06T02:34:20,Cancelled,Resolved by Automation - RBA Event Clearing Received,2025-01-06T02:55:20,Event Management,Self-service,Y,Y,N,K-PLTools-AIOPs-Bridge,Y,Y,Email,2025-01-06T02:55:20,52,2025-01-06 00:50:20,2025-01-06 02:34:20,2025-01-06 02:55:20,2025-01-06 02:55:20,1970-01-01 00:00:00.000000052,2025,1,6,2025,1,6,2025,1,6,2025,1,6,1970,1,1,1.7333333333333334
INCIDENT,3,INCEU1985456,CLOSED,CLOSED,2025-01-05T14:47:38,aks-sr-aks-prd,aks-sr-aks-prd issue detected and resolved automatically,K-PLTools-ISG,2025-01-05T16:49:38,Cancelled,Automation handled issue successfully,2025-01-05T16:49:38,Event Management,External Service Desk,Y,Y,Y,K-PLTools-ISG,N,Y,Email,2025-01-05T16:49:38,137,2025-01-05 14:47:38,2025-01-05 16:49:38,2025-01-05 16:49:38,2025-01-05 16:49:38,1970-01-01 00:00:00.000000137,2025,1,5,2025,1,5,2025,1,5,2025,1,5,1970,1,1,2.033333333333333
INCIDENT,3,INCEU1938760,CLOSED,CLOSED,2025-01-04T07:29:53,vpc-eu1-prod,vpc-eu1-prod issue detected and resolved automatically,K-PLTools-AIOPs-Bridge,2025-01-04T09:20:53,Cancelled,Automation handled issue successfully,2025-01-04T09:51:53,Event Management,Automation Engine,Y,Y,N,K-PLTools-AIOPs-Bridge,Y,Y,Email,2025-01-04T09:51:53,185,2025-01-04 07:29:53,2025-01-04 09:20:53,2025-01-04 09:51:53,2025-01-04 09:51:53,1970-01-01 00:00:00.000000185,2025,1,4,2025,1,4,2025,1,4,2025,1,4,1970,1,1,1.85
INCIDENT,3,INCEU1991560,CLOSED,CLOSED,2025-01-07T11:34:29,org.logstash.logstash,org.logstash.logstash issue detected and resolved automatically,K-PLTools-AIOPs-EU,2025-01-07T11:40:29,Solved (Permanently),Automation handled issue successfully,2025-01-07T12:38:29,Event Management,Self-service,Y,Y,Y,K-PLTools-AIOPs-EU,Y,Y,Email,2025-01-07T12:38:29,34,2025-01-07 11:34:29,2025-01-07 11:40:29,2025-01-07 12:38:29,2025-01-07 12:38:29,1970-01-01 00:00:00.000000034,2025,1,7,2025,1,7,2025,1,7,2025,1,7,1970,1,1,0.1
INCIDENT,3,INCEU1944099,CLOSED,CLOSED,2025-01-05T14:25:19,org.logstash.logstash,org.logstash.logstash issue detected and resolved automatically,K-PLTools-ISG,2025-01-05T15:48:19,Cancelled,Automation handled issue successfully,2025-01-05T16:01:19,Event Management,Self-service,Y,Y,N,K-PLTools-ISG,Y,Y,Email,2025-01-05T16:01:19,71,2025-01-05 14:25:19,2025-01-05 15:48:19,2025-01-05 16:01:19,2025-01-05 16:01:19,1970-01-01 00:00:00.000000071,2025,1,5,2025,1,5,2025,1,5,2025,1,5,1970,1,1,1.3833333333333333
INCIDENT,3,INCEU1971644,CLOSED,CLOSED,2025-01-01T05:38:44,vpc-eu1-prod,vpc-eu1-prod issue detected and resolved automatically,K-PLTools-ISG,2025-01-01T08:49:44,Solved (Permanently),Resolved by Automation - RBA Event Clearing Received,2025-01-01T09:23:44,Event Management,External Service Desk,Y,Y,Y,K-PLTools-ISG,Y,Y,Email,2025-01-01T09:23:44,199,2025-01-01 05:38:44,2025-01-01 08:49:44,2025-01-01 09:23:44,2025-01-01 09:23:44,1970-01-01 00:00:00.000000199,2025,1,1,2025,1,1,2025,1,1,2025,1,1,1970,1,1,3.183333333333333
INCIDENT,3,INCEU1942411,CLOSED,CLOSED,2025-01-03T10:04:04,uatools-next-eu02,uatools-next-eu02 issue detected and resolved automatically,K-PLTools-AIOPs-IN,2025-01-03T10:09:04,Solved (Permanently),Automation handled issue successfully,2025-01-03T10:48:04,Event Management,Automation Engine,Y,Y,Y,K-PLTools-AIOPs-IN,N,Y,Email,2025-01-03T10:48:04,171,2025-01-03 10:04:04,2025-01-03 10:09:04,2025-01-03 10:48:04,2025-01-03 10:48:04,1970-01-01 00:00:00.000000171,2025,1,3,2025,1,3,2025,1,3,2025,1,3,1970,1,1,0.08333333333333333
INCIDENT,3,INCEU1943586,CLOSED,CLOSED,2025-01-05T11:26:54,integrated-aiops,integrated-aiops issue detected and resolved automatically,K-PLTools-AIOPs-EU,2025-01-05T12:08:54,Solved (Permanently),Resolved by manual intervention,2025-01-05T12:46:54,Event Management,External Service Desk,Y,Y,Y,K-PLTools-AIOPs-EU,N,Y,Email,2025-01-05T12:46:54,27,2025-01-05 11:26:54,2025-01-05 12:08:54,2025-01-05 12:46:54,2025-01-05 12:46:54,1970-01-01 00:00:00.000000027,2025,1,5,2025,1,5,2025,1,5,2025,1,5,1970,1,1,0.7
INCIDENT,3,INCEU1985470,CLOSED,CLOSED,2025-01-05T13:18:57,uatools-next-eu02,uatools-next-eu02 issue detected and resolved automatically,K-PLTools-AIOPs-EU,2025-01-05T14:59:57,Solved (Permanently),Resolved by Automation - RBA Event Clearing Received,2025-01-05T15:59:57,Event Management,Self-service,Y,Y,Y,K-PLTools-AIOPs-EU,Y,Y,Email,2025-01-05T15:59:57,178,2025-01-05 13:18:57,2025-01-05 14:59:57,2025-01-05 15:59:57,2025-01-05 15:59:57,1970-01-01 00:00:00.000000178,2025,1,5,2025,1,5,2025,1,5,2025,1,5,1970,1,1,1.6833333333333333
INCIDENT,3,INCEU1955508,CLOSED,CLOSED,2025-01-07T11:10:23,aks-sr-aks-prd,aks-sr-aks-prd issue detected and resolved automatically,K-PLTools-AIOPs-EU,2025-01-07T12:59:23,Cancelled,Resolved by Automation - RBA Event Clearing Received,2025-01-07T13:41:23,Event Management,Self-service,Y,Y,Y,K-PLTools-AIOPs-EU,N,Y,Email,2025-01-07T13:41:23,107,2025-01-07 11:10:23,2025-01-07 12:59:23,2025-01-07 13:41:23,2025-01-07 13:41:23,1970-01-01 00:00:00.000000107,2025,1,7,2025,1,7,2025,1,7,2025,1,7,1970,1,1,1.8166666666666667
INCIDENT,3,INCEU1957472,CLOSED,CLOSED,2025-01-06T13:54:31,org.logstash.logstash,org.logstash.logstash issue detected and resolved automatically,K-PLTools-AIOPs-IN,2025-01-06T16:55:31,Cancelled,Automation handled issue successfully,2025-01-06T17:04:31,Event Management,Self-service,Y,Y,N,K-PLTools-AIOPs-IN,N,Y,Email,2025-01-06T17:04:31,119,2025-01-06 13:54:31,2025-01-06 16:55:31,2025-01-06 17:04:31,2025-01-06 17:04:31,1970-01-01 00:00:00.000000119,2025,1,6,2025,1,6,2025,1,6,2025,1,6,1970,1,1,3.0166666666666666
INCIDENT,3,INCEU1942177,CLOSED,CLOSED,2025-01-02T01:14:32,org.logstash.logstash,org.logstash.logstash issue detected and resolved automatically,K-PLTools-AIOPs-IN,2025-01-02T02:25:32,Cancelled,Automation handled issue successfully,2025-01-02T03:21:32,Event Management,Automation Engine,Y,Y,N,K-PLTools-AIOPs-IN,N,Y,Email,2025-01-02T03:21:32,86,2025-01-02 01:14:32,2025-01-02 02:25:32,2025-01-02 03:21:32,2025-01-02 03:21:32,1970-01-01 00:00:00.000000086,2025,1,2,2025,1,2,2025,1,2,2025,1,2,1970,1,1,1.1833333333333333
INCIDENT,3,INCEU1933834,CLOSED,CLOSED,2025-01-06T22:00:33,aks-sr-aks-prd,aks-sr-aks-prd issue detected and resolved automatically,K-PLTools-ISG,2025-01-06T22:54:33,Cancelled,Resolved by manual intervention,2025-01-06T23:16:33,Event Management,Automation Engine,Y,Y,Y,K-PLTools-ISG,Y,Y,Email,2025-01-06T23:16:33,142,2025-01-06 22:00:33,2025-01-06 22:54:33,2025-01-06 23:16:33,2025-01-06 23:16:33,1970-01-01 00:00:00.000000142,2025,1,6,2025,1,6,2025,1,6,2025,1,6,1970,1,1,0.9
INCIDENT,3,INCEU1941635,CLOSED,CLOSED,2025-01-05T22:22:50,uatools-next-eu02,uatools-next-eu02 issue detected and resolved automatically,K-PLTools-AIOPs-Bridge,2025-01-06T00:27:50,Cancelled,Automation handled issue successfully,2025-01-06T01:02:50,Event Management,Automation Engine,Y,Y,N,K-PLTools-AIOPs-Bridge,Y,Y,Email,2025-01-06T01:02:50,4,2025-01-05 22:22:50,2025-01-06 00:27:50,2025-01-06 01:02:50,2025-01-06 01:02:50,1970-01-01 00:00:00.000000004,2025,1,5,2025,1,6,2025,1,6,2025,1,6,1970,1,1,2.0833333333333335
INCIDENT,3,INCEU1963005,CLOSED,CLOSED,2025-01-03T22:52:03,integrated-aiops,integrated-aiops issue detected and resolved automatically,K-PLTools-ISG,2025-01-04T00:10:03,Cancelled,Resolved by manual intervention,2025-01-04T00:52:03,Event Management,External Service Desk,Y,Y,N,K-PLTools-ISG,N,Y,Email,2025-01-04T00:52:03,108,2025-01-03 22:52:03,2025-01-04 00:10:03,2025-01-04 00:52:03,2025-01-04 00:52:03,1970-01-01 00:00:00.000000108,2025,1,3,2025,1,4,2025,1,4,2025,1,4,1970,1,1,1.3
INCIDENT,3,INCEU1969473,CLOSED,CLOSED,2025-01-04T06:54:36,uatools-next-eu02,uatools-next-eu02 issue detected and resolved automatically,K-PLTools-AIOPs-EU,2025-01-04T08:12:36,Solved (Permanently),Resolved by manual intervention,2025-01-04T08:28:36,Event Management,External Service Desk,Y,Y,Y,K-PLTools-AIOPs-EU,Y,Y,Email,2025-01-04T08:28:36,30,2025-01-04 06:54:36,2025-01-04 08:12:36,2025-01-04 08:28:36,2025-01-04 08:28:36,1970-01-01 00:00:00.000000030,2025,1,4,2025,1,4,2025,1,4,2025,1,4,1970,1,1,1.3
INCIDENT,3,INCEU1938361,CLOSED,CLOSED,2025-01-06T21:01:59,integrated-aiops,integrated-aiops issue detected and resolved automatically,K-PLTools-ISG,2025-01-06T22:11:59,Solved (Permanently),Closing this ticket as the extension is working well after restarting,2025-01-06T22:57:59,Event Management,Automation Engine,Y,Y,N,K-PLTools-ISG,Y,Y,Email,2025-01-06T22:57:59,75,2025-01-06 21:01:59,2025-01-06 22:11:59,2025-01-06 22:57:59,2025-01-06 22:57:59,1970-01-01 00:00:00.000000075,2025,1,6,2025,1,6,2025,1,6,2025,1,6,1970,1,1,1.1666666666666667
INCIDENT,3,INCEU1949618,CLOSED,CLOSED,2025-01-01T04:07:15,uatools-next-eu02,uatools-next-eu02 issue detected and resolved automatically,K-PLTools-ISG,2025-01-01T07:08:15,Solved (Permanently),Resolved by Automation - RBA Event Clearing Received,2025-01-01T07:42:15,Event Management,Self-service,Y,Y,Y,K-PLTools-ISG,N,Y,Email,2025-01-01T07:42:15,141,2025-01-01 04:07:15,2025-01-01 07:08:15,2025-01-01 07:42:15,2025-01-01 07:42:15,1970-01-01 00:00:00.000000141,2025,1,1,2025,1,1,2025,1,1,2025,1,1,1970,1,1,3.0166666666666666
INCIDENT,3,INCEU1923446,CLOSED,CLOSED,2025-01-01T03:34:21,org.logstash.logstash,org.logstash.logstash issue detected and resolved automatically,K-PLTools-AIOPs-Bridge,2025-01-01T06:00:21,Cancelled,Resolved by manual intervention,2025-01-01T06:18:21,Event Management,Automation Engine,Y,Y,N,K-PLTools-AIOPs-Bridge,N,Y,Email,2025-01-01T06:18:21,47,2025-01-01 03:34:21,2025-01-01 06:00:21,2025-01-01 06:18:21,2025-01-01 06:18:21,1970-01-01 00:00:00.000000047,2025,1,1,2025,1,1,2025,1,1,2025,1,1,1970,1,1,2.433333333333333
INCIDENT,3,INCEU1924953,CLOSED,CLOSED,2025-01-01T19:01:57,vpc-eu1-prod,vpc-eu1-prod issue detected and resolved automatically,K-PLTools-AIOPs-EU,2025-01-01T20:43:57,Solved (Permanently),Closing this ticket as the extension is working well after restarting,2025-01-01T21:14:57,Event Management,Self-service,Y,Y,Y,K-PLTools-AIOPs-EU,Y,Y,Email,2025-01-01T21:14:57,144,2025-01-01 19:01:57,2025-01-01 20:43:57,2025-01-01 21:14:57,2025-01-01 21:14:57,1970-01-01 00:00:00.000000144,2025,1,1,2025,1,1,2025,1,1,2025,1,1,1970,1,1,1.7
INCIDENT,3,INCEU1925525,CLOSED,CLOSED,2025-01-07T18:33:01,integrated-aiops,integrated-aiops issue detected and resolved automatically,K-PLTools-AIOPs-IN,2025-01-07T21:48:01,Cancelled,Automation handled issue successfully,2025-01-07T22:14:01,Event Management,Self-service,Y,Y,N,K-PLTools-AIOPs-IN,N,Y,Email,2025-01-07T22:14:01,113,2025-01-07 18:33:01,2025-01-07 21:48:01,2025-01-07 22:14:01,2025-01-07 22:14:01,1970-01-01 00:00:00.000000113,2025,1,7,2025,1,7,2025,1,7,2025,1,7,1970,1,1,3.25
INCIDENT,3,INCEU1984531,CLOSED,CLOSED,2025-01-01T17:32:36,vpc-eu1-prod,vpc-eu1-prod issue detected and resolved automatically,K-PLTools-AIOPs-IN,2025-01-01T20:08:36,Solved (Permanently),Resolved by manual intervention,2025-01-01T20:55:36,Event Management,Automation Engine,Y,Y,Y,K-PLTools-AIOPs-IN,Y,Y,Email,2025-01-01T20:55:36,169,2025-01-01 17:32:36,2025-01-01 20:08:36,2025-01-01 20:55:36,2025-01-01 20:55:36,1970-01-01 00:00:00.000000169,2025,1,1,2025,1,1,2025,1,1,2025,1,1,1970,1,1,2.6
INCIDENT,3,INCEU1932782,CLOSED,CLOSED,2025-01-07T16:46:45,vpc-eu1-prod,vpc-eu1-prod issue detected and resolved automatically,K-PLTools-AIOPs-Bridge,2025-01-07T17:05:45,Cancelled,Automation handled issue successfully,2025-01-07T17:15:45,Event Management,Automation Engine,Y,Y,Y,K-PLTools-AIOPs-Bridge,N,Y,Email,2025-01-07T17:15:45,74,2025-01-07 16:46:45,2025-01-07 17:05:45,2025-01-07 17:15:45,2025-01-07 17:15:45,1970-01-01 00:00:00.000000074,2025,1,7,2025,1,7,2025,1,7,2025,1,7,1970,1,1,0.31666666666666665
INCIDENT,3,INCEU1947056,CLOSED,CLOSED,2025-01-06T12:14:46,uatools-next-eu02,uatools-next-eu02 issue detected and resolved automatically,K-PLTools-ISG,2025-01-06T12:32:46,Solved (Permanently),Automation handled issue successfully,2025-01-06T13:15:46,Event Management,External Service Desk,Y,Y,Y,K-PLTools-ISG,Y,Y,Email,2025-01-06T13:15:46,29,2025-01-06 12:14:46,2025-01-06 12:32:46,2025-01-06 13:15:46,2025-01-06 13:15:46,1970-01-01 00:00:00.000000029,2025,1,6,2025,1,6,2025,1,6,2025,1,6,1970,1,1,0.3
INCIDENT,3,INCEU1944816,CLOSED,CLOSED,2025-01-02T17:25:45,uatools-next-eu02,uatools-next-eu02 issue detected and resolved automatically,K-PLTools-ISG,2025-01-02T17:43:45,Cancelled,Automation handled issue successfully,2025-01-02T17:46:45,Event Management,Self-service,Y,Y,N,K-PLTools-ISG,N,Y,Email,2025-01-02T17:46:45,31,2025-01-02 17:25:45,2025-01-02 17:43:45,2025-01-02 17:46:45,2025-01-02 17:46:45,1970-01-01 00:00:00.000000031,2025,1,2,2025,1,2,2025,1,2,2025,1,2,1970,1,1,0.3
INCIDENT,3,INCEU1945683,CLOSED,CLOSED,2025-01-07T01:46:23,org.logstash.logstash,org.logstash.logstash issue detected and resolved automatically,K-PLTools-AIOPs-EU,2025-01-07T04:04:23,Solved (Permanently),Automation handled issue successfully,2025-01-07T04:35:23,Event Management,Self-service,Y,Y,N,K-PLTools-AIOPs-EU,Y,Y,Email,2025-01-07T04:35:23,188,2025-01-07 01:46:23,2025-01-07 04:04:23,2025-01-07 04:35:23,2025-01-07 04:35:23,1970-01-01 00:00:00.000000188,2025,1,7,2025,1,7,2025,1,7,2025,1,7,1970,1,1,2.3
INCIDENT,3,INCEU1921970,CLOSED,CLOSED,2025-01-03T18:40:44,integrated-aiops,integrated-aiops issue detected and resolved automatically,K-PLTools-AIOPs-EU,2025-01-03T21:32:44,Cancelled,Resolved by Automation - RBA Event Clearing Received,2025-01-03T22:25:44,Event Management,Automation Engine,Y,Y,N,K-PLTools-AIOPs-EU,N,Y,Email,2025-01-03T22:25:44,195,2025-01-03 18:40:44,2025-01-03 21:32:44,2025-01-03 22:25:44,2025-01-03 22:25:44,1970-01-01 00:00:00.000000195,2025,1,3,2025,1,3,2025,1,3,2025,1,3,1970,1,1,2.8666666666666667
INCIDENT,3,INCEU1946458,CLOSED,CLOSED,2025-01-03T04:51:45,org.logstash.logstash,org.logstash.logstash issue detected and resolved automatically,K-PLTools-AIOPs-EU,2025-01-03T07:20:45,Cancelled,Resolved by manual intervention,2025-01-03T07:47:45,Event Management,Self-service,Y,Y,N,K-PLTools-AIOPs-EU,Y,Y,Email,2025-01-03T07:47:45,104,2025-01-03 04:51:45,2025-01-03 07:20:45,2025-01-03 07:47:45,2025-01-03 07:47:45,1970-01-01 00:00:00.000000104,2025,1,3,2025,1,3,2025,1,3,2025,1,3,1970,1,1,2.4833333333333334
INCIDENT,3,INCEU1931079,CLOSED,CLOSED,2025-01-05T00:03:44,org.logstash.logstash,org.logstash.logstash issue detected and resolved automatically,K-PLTools-ISG,2025-01-05T01:48:44,Cancelled,Resolved by Automation - RBA Event Clearing Received,2025-01-05T02:32:44,Event Management,Automation Engine,Y,Y,N,K-PLTools-ISG,N,Y,Email,2025-01-05T02:32:44,116,2025-01-05 00:03:44,2025-01-05 01:48:44,2025-01-05 02:32:44,2025-01-05 02:32:44,1970-01-01 00:00:00.000000116,2025,1,5,2025,1,5,2025,1,5,2025,1,5,1970,1,1,1.75
INCIDENT,3,INCEU1952372,CLOSED,CLOSED,2025-01-02T09:45:52,integrated-aiops,integrated-aiops issue detected and resolved automatically,K-PLTools-AIOPs-EU,2025-01-02T13:02:52,Cancelled,Automation handled issue successfully,2025-01-02T13:27:52,Event Management,Automation Engine,Y,Y,N,K-PLTools-AIOPs-EU,N,Y,Email,2025-01-02T13:27:52,13,2025-01-02 09:45:52,2025-01-02 13:02:52,2025-01-02 13:27:52,2025-01-02 13:27:52,1970-01-01 00:00:00.000000013,2025,1,2,2025,1,2,2025,1,2,2025,1,2,1970,1,1,3.283333333333333
INCIDENT,3,INCEU1991973,CLOSED,CLOSED,2025-01-06T08:45:13,uatools-next-eu02,uatools-next-eu02 issue detected and resolved automatically,K-PLTools-ISG,2025-01-06T11:59:13,Solved (Permanently),Resolved by manual intervention,2025-01-06T12:02:13,Event Management,External Service Desk,Y,Y,N,K-PLTools-ISG,Y,Y,Email,2025-01-06T12:02:13,112,2025-01-06 08:45:13,2025-01-06 11:59:13,2025-01-06 12:02:13,2025-01-06 12:02:13,1970-01-01 00:00:00.000000112,2025,1,6,2025,1,6,2025,1,6,2025,1,6,1970,1,1,3.2333333333333334
INCIDENT,3,INCEU1913783,CLOSED,CLOSED,2025-01-03T21:42:01,aks-sr-aks-prd,aks-sr-aks-prd issue detected and resolved automatically,K-PLTools-AIOPs-EU,2025-01-04T00:43:01,Cancelled,Resolved by Automation - RBA Event Clearing Received,2025-01-04T00:53:01,Event Management,Automation Engine,Y,Y,N,K-PLTools-AIOPs-EU,Y,Y,Email,2025-01-04T00:53:01,57,2025-01-03 21:42:01,2025-01-04 00:43:01,2025-01-04 00:53:01,2025-01-04 00:53:01,1970-01-01 00:00:00.000000057,2025,1,3,2025,1,4,2025,1,4,2025,1,4,1970,1,1,3.0166666666666666
INCIDENT,3,INCEU1994896,CLOSED,CLOSED,2025-01-02T20:50:50,aks-sr-aks-prd,aks-sr-aks-prd issue detected and resolved automatically,K-PLTools-ISG,2025-01-02T22:57:50,Cancelled,Automation handled issue successfully,2025-01-02T23:56:50,Event Management,Automation Engine,Y,Y,N,K-PLTools-ISG,Y,Y,Email,2025-01-02T23:56:50,120,2025-01-02 20:50:50,2025-01-02 22:57:50,2025-01-02 23:56:50,2025-01-02 23:56:50,1970-01-01 00:00:00.000000120,2025,1,2,2025,1,2,2025,1,2,2025,1,2,1970,1,1,2.1166666666666667
INCIDENT,3,INCEU1960277,CLOSED,CLOSED,2025-01-03T07:31:09,uatools-next-eu02,uatools-next-eu02 issue detected and resolved automatically,K-PLTools-AIOPs-EU,2025-01-03T10:04:09,Cancelled,Automation handled issue successfully,2025-01-03T10:36:09,Event Management,External Service Desk,Y,Y,N,K-PLTools-AIOPs-EU,Y,Y,Email,2025-01-03T10:36:09,87,2025-01-03 07:31:09,2025-01-03 10:04:09,2025-01-03 10:36:09,2025-01-03 10:36:09,1970-01-01 00:00:00.000000087,2025,1,3,2025,1,3,2025,1,3,2025,1,3,1970,1,1,2.55
INCIDENT,3,INCEU1947072,CLOSED,CLOSED,2025-01-04T14:57:38,org.logstash.logstash,org.logstash.logstash issue detected and resolved automatically,K-PLTools-AIOPs-IN,2025-01-04T17:27:38,Cancelled,Automation handled issue successfully,2025-01-04T18:04:38,Event Management,Self-service,Y,Y,N,K-PLTools-AIOPs-IN,N,Y,Email,2025-01-04T18:04:38,88,2025-01-04 14:57:38,2025-01-04 17:27:38,2025-01-04 18:04:38,2025-01-04 18:04:38,1970-01-01 00:00:00.000000088,2025,1,4,2025,1,4,2025,1,4,2025,1,4,1970,1,1,2.5
INCIDENT,3,INCEU1952176,CLOSED,CLOSED,2025-01-03T06:56:56,integrated-aiops,integrated-aiops issue detected and resolved automatically,K-PLTools-AIOPs-Bridge,2025-01-03T09:54:56,Solved (Permanently),Automation handled issue successfully,2025-01-03T10:09:56,Event Management,Self-service,Y,Y,N,K-PLTools-AIOPs-Bridge,N,Y,Email,2025-01-03T10:09:56,11,2025-01-03 06:56:56,2025-01-03 09:54:56,2025-01-03 10:09:56,2025-01-03 10:09:56,1970-01-01 00:00:00.000000011,2025,1,3,2025,1,3,2025,1,3,2025,1,3,1970,1,1,2.966666666666667
INCIDENT,3,INCEU1960604,CLOSED,CLOSED,2025-01-02T20:18:13,uatools-next-eu02,uatools-next-eu02 issue detected and resolved automatically,K-PLTools-ISG,2025-01-02T22:24:13,Solved (Permanently),Automation handled issue successfully,2025-01-02T22:26:13,Event Management,External Service Desk,Y,Y,N,K-PLTools-ISG,Y,Y,Email,2025-01-02T22:26:13,25,2025-01-02 20:18:13,2025-01-02 22:24:13,2025-01-02 22:26:13,2025-01-02 22:26:13,1970-01-01 00:00:00.000000025,2025,1,2,2025,1,2,2025,1,2,2025,1,2,1970,1,1,2.1
INCIDENT,3,INCEU1928894,CLOSED,CLOSED,2025-01-05T23:24:53,vpc-eu1-prod,vpc-eu1-prod issue detected and resolved automatically,K-PLTools-AIOPs-Bridge,2025-01-06T02:11:53,Cancelled,Resolved by manual intervention,2025-01-06T02:20:53,Event Management,External Service Desk,Y,Y,N,K-PLTools-AIOPs-Bridge,Y,Y,Email,2025-01-06T02:20:53,159,2025-01-05 23:24:53,2025-01-06 02:11:53,2025-01-06 02:20:53,2025-01-06 02:20:53,1970-01-01 00:00:00.000000159,2025,1,5,2025,1,6,2025,1,6,2025,1,6,1970,1,1,2.783333333333333
INCIDENT,3,INCEU1953065,CLOSED,CLOSED,2025-01-07T11:25:43,org.logstash.logstash,org.logstash.logstash issue detected and resolved automatically,K-PLTools-AIOPs-EU,2025-01-07T13:02:43,Solved (Permanently),Closing this ticket as the extension is working well after restarting,2025-01-07T13:22:43,Event Management,External Service Desk,Y,Y,N,K-PLTools-AIOPs-EU,Y,Y,Email,2025-01-07T13:22:43,161,2025-01-07 11:25:43,2025-01-07 13:02:43,2025-01-07 13:22:43,2025-01-07 13:22:43,1970-01-01 00:00:00.000000161,2025,1,7,2025,1,7,2025,1,7,2025,1,7,1970,1,1,1.6166666666666667
INCIDENT,3,INCEU1921846,CLOSED,CLOSED,2025-01-06T06:24:12,vpc-eu1-prod,vpc-eu1-prod issue detected and resolved automatically,K-PLTools-AIOPs-Bridge,2025-01-06T06:49:12,Solved (Permanently),Resolved by manual intervention,2025-01-06T07:37:12,Event Management,Automation Engine,Y,Y,N,K-PLTools-AIOPs-Bridge,Y,Y,Email,2025-01-06T07:37:12,7,2025-01-06 06:24:12,2025-01-06 06:49:12,2025-01-06 07:37:12,2025-01-06 07:37:12,1970-01-01 00:00:00.000000007,2025,1,6,2025,1,6,2025,1,6,2025,1,6,1970,1,1,0.4166666666666667
INCIDENT,3,INCEU1948452,CLOSED,CLOSED,2025-01-05T08:24:36,uatools-next-eu02,uatools-next-eu02 issue detected and resolved automatically,K-PLTools-AIOPs-IN,2025-01-05T09:59:36,Cancelled,Closing this ticket as the extension is working well after restarting,2025-01-05T10:26:36,Event Management,Automation Engine,Y,Y,Y,K-PLTools-AIOPs-IN,N,Y,Email,2025-01-05T10:26:36,43,2025-01-05 08:24:36,2025-01-05 09:59:36,2025-01-05 10:26:36,2025-01-05 10:26:36,1970-01-01 00:00:00.000000043,2025,1,5,2025,1,5,2025,1,5,2025,1,5,1970,1,1,1.5833333333333333
INCIDENT,3,INCEU1991226,CLOSED,CLOSED,2025-01-03T22:08:48,integrated-aiops,integrated-aiops issue detected and resolved automatically,K-PLTools-AIOPs-IN,2025-01-04T00:15:48,Solved (Permanently),Automation handled issue successfully,2025-01-04T01:13:48,Event Management,Self-service,Y,Y,N,K-PLTools-AIOPs-IN,N,Y,Email,2025-01-04T01:13:48,163,2025-01-03 22:08:48,2025-01-04 00:15:48,2025-01-04 01:13:48,2025-01-04 01:13:48,1970-01-01 00:00:00.000000163,2025,1,3,2025,1,4,2025,1,4,2025,1,4,1970,1,1,2.1166666666666667
INCIDENT,3,INCEU1997404,CLOSED,CLOSED,2025-01-01T02:44:13,aks-sr-aks-prd,aks-sr-aks-prd issue detected and resolved automatically,K-PLTools-AIOPs-IN,2025-01-01T04:43:13,Solved (Permanently),Automation handled issue successfully,2025-01-01T05:40:13,Event Management,External Service Desk,Y,Y,N,K-PLTools-AIOPs-IN,N,Y,Email,2025-01-01T05:40:13,88,2025-01-01 02:44:13,2025-01-01 04:43:13,2025-01-01 05:40:13,2025-01-01 05:40:13,1970-01-01 00:00:00.000000088,2025,1,1,2025,1,1,2025,1,1,2025,1,1,1970,1,1,1.9833333333333334
INCIDENT,3,INCEU1942780,CLOSED,CLOSED,2025-01-06T13:03:47,org.logstash.logstash,org.logstash.logstash issue detected and resolved automatically,K-PLTools-AIOPs-Bridge,2025-01-06T14:20:47,Solved (Permanently),Closing this ticket as the extension is working well after restarting,2025-01-06T14:32:47,Event Management,External Service Desk,Y,Y,N,K-PLTools-AIOPs-Bridge,N,Y,Email,2025-01-06T14:32:47,97,2025-01-06 13:03:47,2025-01-06 14:20:47,2025-01-06 14:32:47,2025-01-06 14:32:47,1970-01-01 00:00:00.000000097,2025,1,6,2025,1,6,2025,1,6,2025,1,6,1970,1,1,1.2833333333333334
INCIDENT,3,INCEU1948696,CLOSED,CLOSED,2025-01-01T06:23:25,aks-sr-aks-prd,aks-sr-aks-prd issue detected and resolved automatically,K-PLTools-AIOPs-EU,2025-01-01T09:11:25,Solved (Permanently),Automation handled issue successfully,2025-01-01T09:36:25,Event Management,Automation Engine,Y,Y,N,K-PLTools-AIOPs-EU,Y,Y,Email,2025-01-01T09:36:25,73,2025-01-01 06:23:25,2025-01-01 09:11:25,2025-01-01 09:36:25,2025-01-01 09:36:25,1970-01-01 00:00:00.000000073,2025,1,1,2025,1,1,2025,1,1,2025,1,1,1970,1,1,2.8
INCIDENT,3,INCEU1993442,CLOSED,CLOSED,2025-01-03T07:22:47,uatools-next-eu02,uatools-next-eu02 issue detected and resolved automatically,K-PLTools-AIOPs-EU,2025-01-03T10:00:47,Solved (Permanently),Resolved by manual intervention,2025-01-03T10:16:47,Event Management,Automation Engine,Y,Y,N,K-PLTools-AIOPs-EU,Y,Y,Email,2025-01-03T10:16:47,112,2025-01-03 07:22:47,2025-01-03 10:00:47,2025-01-03 10:16:47,2025-01-03 10:16:47,1970-01-01 00:00:00.000000112,2025,1,3,2025,1,3,2025,1,3,2025,1,3,1970,1,1,2.6333333333333333
INCIDENT,3,INCEU1921813,CLOSED,CLOSED,2025-01-04T13:57:25,org.logstash.logstash,org.logstash.logstash issue detected and resolved automatically,K-PLTools-AIOPs-IN,2025-01-04T15:20:25,Solved (Permanently),Closing this ticket as the extension is working well after restarting,2025-01-04T16:07:25,Event Management,Self-service,Y,Y,N,K-PLTools-AIOPs-IN,Y,Y,Email,2025-01-04T16:07:25,138,2025-01-04 13:57:25,2025-01-04 15:20:25,2025-01-04 16:07:25,2025-01-04 16:07:25,1970-01-01 00:00:00.000000138,2025,1,4,2025,1,4,2025,1,4,2025,1,4,1970,1,1,1.3833333333333333
INCIDENT,3,INCEU1943681,CLOSED,CLOSED,2025-01-06T20:20:54,aks-sr-aks-prd,aks-sr-aks-prd issue detected and resolved automatically,K-PLTools-AIOPs-EU,2025-01-06T21:35:54,Cancelled,Resolved by Automation - RBA Event Clearing Received,2025-01-06T22:22:54,Event Management,Automation Engine,Y,Y,N,K-PLTools-AIOPs-EU,N,Y,Email,2025-01-06T22:22:54,36,2025-01-06 20:20:54,2025-01-06 21:35:54,2025-01-06 22:22:54,2025-01-06 22:22:54,1970-01-01 00:00:00.000000036,2025,1,6,2025,1,6,2025,1,6,2025,1,6,1970,1,1,1.25
INCIDENT,3,INCEU1921836,CLOSED,CLOSED,2025-01-05T18:55:41,integrated-aiops,integrated-aiops issue detected and resolved automatically,K-PLTools-AIOPs-EU,2025-01-05T18:58:41,Cancelled,Resolved by manual intervention,2025-01-05T19:14:41,Event Management,External Service Desk,Y,Y,N,K-PLTools-AIOPs-EU,N,Y,Email,2025-01-05T19:14:41,172,2025-01-05 18:55:41,2025-01-05 18:58:41,2025-01-05 19:14:41,2025-01-05 19:14:41,1970-01-01 00:00:00.000000172,2025,1,5,2025,1,5,2025,1,5,2025,1,5,1970,1,1,0.05
INCIDENT,3,INCEU1993695,CLOSED,CLOSED,2025-01-05T12:11:58,uatools-next-eu02,uatools-next-eu02 issue detected and resolved automatically,K-PLTools-AIOPs-Bridge,2025-01-05T12:38:58,Solved (Permanently),Resolved by manual intervention,2025-01-05T13:21:58,Event Management,Automation Engine,Y,Y,Y,K-PLTools-AIOPs-Bridge,N,Y,Email,2025-01-05T13:21:58,156,2025-01-05 12:11:58,2025-01-05 12:38:58,2025-01-05 13:21:58,2025-01-05 13:21:58,1970-01-01 00:00:00.000000156,2025,1,5,2025,1,5,2025,1,5,2025,1,5,1970,1,1,0.45
INCIDENT,3,INCEU1949608,CLOSED,CLOSED,2025-01-05T22:55:29,vpc-eu1-prod,vpc-eu1-prod issue detected and resolved automatically,K-PLTools-AIOPs-EU,2025-01-05T23:24:29,Cancelled,Automation handled issue successfully,2025-01-05T23:32:29,Event Management,Automation Engine,Y,Y,Y,K-PLTools-AIOPs-EU,Y,Y,Email,2025-01-05T23:32:29,29,2025-01-05 22:55:29,2025-01-05 23:24:29,2025-01-05 23:32:29,2025-01-05 23:32:29,1970-01-01 00:00:00.000000029,2025,1,5,2025,1,5,2025,1,5,2025,1,5,1970,1,1,0.48333333333333334
INCIDENT,3,INCEU1960940,CLOSED,CLOSED,2025-01-06T12:07:59,integrated-aiops,integrated-aiops issue detected and resolved automatically,K-PLTools-AIOPs-Bridge,2025-01-06T13:41:59,Solved (Permanently),Automation handled issue successfully,2025-01-06T14:23:59,Event Management,Automation Engine,Y,Y,N,K-PLTools-AIOPs-Bridge,N,Y,Email,2025-01-06T14:23:59,167,2025-01-06 12:07:59,2025-01-06 13:41:59,2025-01-06 14:23:59,2025-01-06 14:23:59,1970-01-01 00:00:00.000000167,2025,1,6,2025,1,6,2025,1,6,2025,1,6,1970,1,1,1.5666666666666667
INCIDENT,3,INCEU1946666,CLOSED,CLOSED,2025-01-01T09:31:45,uatools-next-eu02,uatools-next-eu02 issue detected and resolved automatically,K-PLTools-AIOPs-Bridge,2025-01-01T12:27:45,Cancelled,Closing this ticket as the extension is working well after restarting,2025-01-01T12:50:45,Event Management,Automation Engine,Y,Y,N,K-PLTools-AIOPs-Bridge,N,Y,Email,2025-01-01T12:50:45,92,2025-01-01 09:31:45,2025-01-01 12:27:45,2025-01-01 12:50:45,2025-01-01 12:50:45,1970-01-01 00:00:00.000000092,2025,1,1,2025,1,1,2025,1,1,2025,1,1,1970,1,1,2.933333333333333
INCIDENT,3,INCEU1917936,CLOSED,CLOSED,2025-01-05T19:57:59,vpc-eu1-prod,vpc-eu1-prod issue detected and resolved automatically,K-PLTools-AIOPs-Bridge,2025-01-05T21:07:59,Solved (Permanently),Closing this ticket as the extension is working well after restarting,2025-01-05T21:19:59,Event Management,External Service Desk,Y,Y,Y,K-PLTools-AIOPs-Bridge,Y,Y,Email,2025-01-05T21:19:59,164,2025-01-05 19:57:59,2025-01-05 21:07:59,2025-01-05 21:19:59,2025-01-05 21:19:59,1970-01-01 00:00:00.000000164,2025,1,5,2025,1,5,2025,1,5,2025,1,5,1970,1,1,1.1666666666666667
